sequence_id	sequence	locus	stop_codon	vj_in_frame	v_frameshift	productive	rev_comp	complete_vdj	v_call	d_call	j_call	sequence_alignment	germline_alignment	sequence_alignment_aa	germline_alignment_aa	v_alignment_start	v_alignment_end	d_alignment_start	d_alignment_end	j_alignment_start	j_alignment_end	v_sequence_alignment	v_sequence_alignment_aa	v_germline_alignment	v_germline_alignment_aa	d_sequence_alignment	d_sequence_alignment_aa	d_germline_alignment	d_germline_alignment_aa	j_sequence_alignment	j_sequence_alignment_aa	j_germline_alignment	j_germline_alignment_aa	fwr1	fwr1_aa	cdr1	cdr1_aa	fwr2	fwr2_aa	cdr2	cdr2_aa	fwr3	fwr3_aa	fwr4	fwr4_aa	cdr3	cdr3_aa	junction	junction_length	junction_aa	junction_aa_length	v_score	d_score	j_score	v_cigar	d_cigar	j_cigar	v_support	d_support	j_support	v_identity	d_identity	j_identity	v_sequence_start	v_sequence_end	v_germline_start	v_germline_end	d_sequence_start	d_sequence_end	d_germline_start	d_germline_end	j_sequence_start	j_sequence_end	j_germline_start	j_germline_end	fwr1_start	fwr1_end	cdr1_start	cdr1_end	fwr2_start	fwr2_end	cdr2_start	cdr2_end	fwr3_start	fwr3_end	fwr4_start	fwr4_end	cdr3_start	cdr3_end	np1	np1_length	np2	np2_length
00000037	CAGGTGCAGCTGCAGGAGTCGGGCCCAGGACTGGTGAAGCCTTCAGAGACCCTGACCCTCACCTGCGCTGTCTCTGGAGTCTCTATCAGCGGTGGTTATGACTGGAGCTGGATCCGCCTGTCCCCAGGGAAGGGGCTGGAGTGGATTGGGTATATCTATGGTAGTAGTGGGACCACCACCTACAACCCGTCCCTCAAGAATCGAGTCACCATTTCAAAAGACACATCCAAGAACCAGTTCTCCCTGAAACTGAGCTCTGTGACCCCCGCGGACACGGCCCTCTATTACTGTGCGAGACATGGGGATACAGTGGATACAATTGGGTACTACTTTGACTTCTGGGGCCAGGGAGTCCTGGTCACCGTCTCCTCAG	IGH	F	T	F	T	F	T	IGHV4-AGU*01_S2780	IGHD5-5*02	IGHJ4*01	CAGGTGCAGCTGCAGGAGTCGGGCCCAGGACTGGTGAAGCCTTCAGAGACCCTGACCCTCACCTGCGCTGTCTCTGGAGTCTCTATCAGCGGTGGTTATGACTGGAGCTGGATCCGCCTGTCCCCAGGGAAGGGGCTGGAGTGGATTGGGTATATCTATGGTAGTAGTGGGACCACCACCTACAACCCGTCCCTCAAGAATCGAGTCACCATTTCAAAAGACACATCCAAGAACCAGTTCTCCCTGAAACTGAGCTCTGTGACCCCCGCGGACACGGCCCTCTATTACTGTGCGAGACATGGGGATACAGTGGATACAATTGGGTACTACTTTGACTTCTGGGGCCAGGGAGTCCTGGTCACCGTCTCCTCAG	CAGGTGCAGCTGCAGGAGTCGGGCCCAGGACTGGTGAAGCCTTCAGAGACCCTGTCCCTCACCTGCGCTGTCTCTGGAGGCTCTATCAGCGGTGGTTATGACTGGAGCTGGATCCGCCAGCCCCCAGGGAAGGGGCTGGAGTGGATTGGGTATATCTATGGTAGTAGTGGGAGCACCAACTACAACCCGTCCCTCAAGAATCGAGTCACCATTTCAAAAGACACGTCCAAGAACCAGTTCTCCCTGAAGCTGAGCTCTGTGACCGCCGCGGACACGGCCGTGTATTACTGTGCGAGANNNGGGGATACAGTGGGTACANNNNNNNACTACTTTGACTACTGGGGCCAGGGAGTCCTGGTCACCGTCTCCTCAG	QVQLQESGPGLVKPSETLTLTCAVSGVSISGGYDWSWIRLSPGKGLEWIGYIYGSSGTTTYNPSLKNRVTISKDTSKNQFSLKLSSVTPADTALYYCARHGDTVDTIGYYFDFWGQGVLVTVSS	QVQLQESGPGLVKPSETLSLTCAVSGGSISGGYDWSWIRQPPGKGLEWIGYIYGSSGSTNYNPSLKNRVTISKDTSKNQFSLKLSSVTAADTAVYYCARXGDTVGTXXXYFDYWGQGVLVTVSS	1	297	301	318	326	373	CAGGTGCAGCTGCAGGAGTCGGGCCCAGGACTGGTGAAGCCTTCAGAGACCCTGACCCTCACCTGCGCTGTCTCTGGAGTCTCTATCAGCGGTGGTTATGACTGGAGCTGGATCCGCCTGTCCCCAGGGAAGGGGCTGGAGTGGATTGGGTATATCTATGGTAGTAGTGGGACCACCACCTACAACCCGTCCCTCAAGAATCGAGTCACCATTTCAAAAGACACATCCAAGAACCAGTTCTCCCTGAAACTGAGCTCTGTGACCCCCGCGGACACGGCCCTCTATTACTGTGCGAGA	QVQLQESGPGLVKPSETLTLTCAVSGVSISGGYDWSWIRLSPGKGLEWIGYIYGSSGTTTYNPSLKNRVTISKDTSKNQFSLKLSSVTPADTALYYCAR	CAGGTGCAGCTGCAGGAGTCGGGCCCAGGACTGGTGAAGCCTTCAGAGACCCTGTCCCTCACCTGCGCTGTCTCTGGAGGCTCTATCAGCGGTGGTTATGACTGGAGCTGGATCCGCCAGCCCCCAGGGAAGGGGCTGGAGTGGATTGGGTATATCTATGGTAGTAGTGGGAGCACCAACTACAACCCGTCCCTCAAGAATCGAGTCACCATTTCAAAAGACACGTCCAAGAACCAGTTCTCCCTGAAGCTGAGCTCTGTGACCGCCGCGGACACGGCCGTGTATTACTGTGCGAGA	QVQLQESGPGLVKPSETLSLTCAVSGGSISGGYDWSWIRQPPGKGLEWIGYIYGSSGSTNYNPSLKNRVTISKDTSKNQFSLKLSSVTAADTAVYYCAR	GGGGATACAGTGGATACA	GDTVDT	GGGGATACAGTGGGTACA	GDTVGT	ACTACTTTGACTTCTGGGGCCAGGGAGTCCTGGTCACCGTCTCCTCAG	YFDFWGQGVLVTVSS	ACTACTTTGACTACTGGGGCCAGGGAGTCCTGGTCACCGTCTCCTCAG	YFDYWGQGVLVTVSS	CAGGTGCAGCTGCAGGAGTCGGGCCCAGGACTGGTGAAGCCTTCAGAGACCCTGACCCTCACCTGCGCTGTCTCT	QVQLQESGPGLVKPSETLTLTCAVS	GGAGTCTCTATCAGCGGTGGTTATGAC	GVSISGGYD	TGGAGCTGGATCCGCCTGTCCCCAGGGAAGGGGCTGGAGTGGATTGGGTAT	WSWIRLSPGKGLEWIGY	ATCTATGGTAGTAGTGGGACCACC	IYGSSGTT	ACCTACAACCCGTCCCTCAAGAATCGAGTCACCATTTCAAAAGACACATCCAAGAACCAGTTCTCCCTGAAACTGAGCTCTGTGACCCCCGCGGACACGGCCCTCTATTACTGT	TYNPSLKNRVTISKDTSKNQFSLKLSSVTPADTALYYC	TGGGGCCAGGGAGTCCTGGTCACCGTCTCCTCA	WGQGVLVTVSS	GCGAGACATGGGGATACAGTGGATACAATTGGGTACTACTTTGACTTC	ARHGDTVDTIGYYFDF	TGTGCGAGACATGGGGATACAGTGGATACAATTGGGTACTACTTTGACTTCTGG	54	CARHGDTVDTIGYYFDFW	18	430.317	29.528	87.208	297M76S2N	300S18M55S5N	325S48M	2.308e-123	2.664e-04	1.336e-21	96.296	94.444	97.917	1	297	1	297	301	318	1	18	326	373	1	48	1	75	76	102	103	153	154	177	178	291	340	372	292	339	CAT	3	ATTGGGT	7
00000170	CAGGTCCAGCTGCAGGTGTCGGGCCCAGGACTTCTGAAGCCTTCGGCGACCCTGTCCCCCACCTGCGCTGTCTCTGGTGACGCTATCACCAGGAGTTACTACTACTGGAATTGGATCCGCCAGGCCCCAGGGAAGGGACTGGAATGGATTGGCTACATTTCTTATAATGGAAATACTTTTTACAACCCGTCCCTCAAGAGTCGCGTCACCATTTCCAGAGACACGTCCAAGAACCAGTTCTCCCTGAGGCTAAATTCTGTGACCGCCGCGGACACGGCCGTCTATTACTGTGCGAGACATGGAAGTGGTTATTACACGTCTTTCGATGTCTGGGGCCGGGGAATTCTGGTCACCGTCTCCTCAG	IGH	F	T	F	T	F	T	IGHV4-AGR*01_S5203	IGHD3-26*01	IGHJ5-2*01	CAGGTCCAGCTGCAGGTGTCGGGCCCAGGACTTCTGAAGCCTTCGGCGACCCTGTCCCCCACCTGCGCTGTCTCTGGTGACGCTATCACCAGGAGTTACTACTACTGGAATTGGATCCGCCAGGCCCCAGGGAAGGGACTGGAATGGATTGGCTACATTTCTTATAATGGAAATACTTTTTACAACCCGTCCCTCAAGAGTCGCGTCACCATTTCCAGAGACACGTCCAAGAACCAGTTCTCCCTGAGGCTAAATTCTGTGACCGCCGCGGACACGGCCGTCTATTACTGTGCGAGACATGGAAGTGGTTATTACACGTCTTTCGATGTCTGGGGCCGGGGAATTCTGGTCACCGTCTCCTCAG	CAGGTGCAGCTGCAGGAGTCGGGCCCAGGACTGGTGAAGCCTTCGGAGACCCTGTCCCTCACCTGCGCTGTCTCTGGTGGCTCTATCAGCAGTAGTTACTACTACTGGAGCTGGATCCGCCAGGCCCCAGGGAAGGGACTGGAGTGGATTGGGTACATCTCTTATAGTGGGAGCACCAGCTACAACCCGTCCCTCAAGAGTCGAGTCACCATTTCAAGAGACACGTCCAAGAACCAGTTCTCCCTGAAGCTGAGCTCTGTGACCGCCGCGGACACGGCCGTGTATTACTGTGCGAGANATGGTAGTGGTTATTACACNNNNNNNGATGTCTGGGGCCGGGGAGTTCTGGTCACCGTCTCCTCAG	QVQLQVSGPGLLKPSATLSPTCAVSGDAITRSYYYWNWIRQAPGKGLEWIGYISYNGNTFYNPSLKSRVTISRDTSKNQFSLRLNSVTAADTAVYYCARHGSGYYTSFDVWGRGILVTVSS	QVQLQESGPGLVKPSETLSLTCAVSGGSISSSYYYWSWIRQAPGKGLEWIGYISYSGSTSYNPSLKSRVTISRDTSKNQFSLKLSSVTAADTAVYYCARXGSGYYTXXDVWGRGVLVTVSS	1	297	299	317	325	364	CAGGTCCAGCTGCAGGTGTCGGGCCCAGGACTTCTGAAGCCTTCGGCGACCCTGTCCCCCACCTGCGCTGTCTCTGGTGACGCTATCACCAGGAGTTACTACTACTGGAATTGGATCCGCCAGGCCCCAGGGAAGGGACTGGAATGGATTGGCTACATTTCTTATAATGGAAATACTTTTTACAACCCGTCCCTCAAGAGTCGCGTCACCATTTCCAGAGACACGTCCAAGAACCAGTTCTCCCTGAGGCTAAATTCTGTGACCGCCGCGGACACGGCCGTCTATTACTGTGCGAGA	QVQLQVSGPGLLKPSATLSPTCAVSGDAITRSYYYWNWIRQAPGKGLEWIGYISYNGNTFYNPSLKSRVTISRDTSKNQFSLRLNSVTAADTAVYYCAR	CAGGTGCAGCTGCAGGAGTCGGGCCCAGGACTGGTGAAGCCTTCGGAGACCCTGTCCCTCACCTGCGCTGTCTCTGGTGGCTCTATCAGCAGTAGTTACTACTACTGGAGCTGGATCCGCCAGGCCCCAGGGAAGGGACTGGAGTGGATTGGGTACATCTCTTATAGTGGGAGCACCAGCTACAACCCGTCCCTCAAGAGTCGAGTCACCATTTCAAGAGACACGTCCAAGAACCAGTTCTCCCTGAAGCTGAGCTCTGTGACCGCCGCGGACACGGCCGTGTATTACTGTGCGAGA	QVQLQESGPGLVKPSETLSLTCAVSGGSISSSYYYWSWIRQAPGKGLEWIGYISYSGSTSYNPSLKSRVTISRDTSKNQFSLKLSSVTAADTAVYYCAR	ATGGAAGTGGTTATTACAC	GSGYYT	ATGGTAGTGGTTATTACAC	GSGYYT	GATGTCTGGGGCCGGGGAATTCTGGTCACCGTCTCCTCAG	DVWGRGILVTVSS	GATGTCTGGGGCCGGGGAGTTCTGGTCACCGTCTCCTCAG	DVWGRGVLVTVSS	CAGGTCCAGCTGCAGGTGTCGGGCCCAGGACTTCTGAAGCCTTCGGCGACCCTGTCCCCCACCTGCGCTGTCTCT	QVQLQVSGPGLLKPSATLSPTCAVS	GGTGACGCTATCACCAGGAGTTACTACTAC	GDAITRSYYY	TGGAATTGGATCCGCCAGGCCCCAGGGAAGGGACTGGAATGGATTGGCTAC	WNWIRQAPGKGLEWIGY	ATTTCTTATAATGGAAATACT	ISYNGNT	TTTTACAACCCGTCCCTCAAGAGTCGCGTCACCATTTCCAGAGACACGTCCAAGAACCAGTTCTCCCTGAGGCTAAATTCTGTGACCGCCGCGGACACGGCCGTCTATTACTGT	FYNPSLKSRVTISRDTSKNQFSLRLNSVTAADTAVYYC	TGGGGCCGGGGAATTCTGGTCACCGTCTCCTCA	WGRGILVTVSS	GCGAGACATGGAAGTGGTTATTACACGTCTTTCGATGTC	ARHGSGYYTSFDV	TGTGCGAGACATGGAAGTGGTTATTACACGTCTTTCGATGTCTGG	45	CARHGSGYYTSFDVW	15	371.109	31.450	71.827	297M67S2N	298S8N19M47S1N	324S11N40M	1.498e-105	6.852e-05	5.562e-17	89.899	94.737	97.500	1	297	1	297	299	317	9	27	325	364	12	51	1	75	76	105	106	156	157	177	178	291	331	363	292	330	C	1	GTCTTTC	7
00000262	NNTGTCTCTGGTGGCTCCTTCAGCAGTAACTATTGGAGCTGGATCCGCCAGTCCCCAGGGAAGGGACTGGAGTGGATTGGACGTATATCTTCTGGTGGTGGGAGCACCGACTACAACCCCTCCCTCGAGAGTCGAGTCACCATTTCAACAGACACGTCCAAGAACCACTTCTCCCTGCACCTGAACTCTGTGACCGCCGCGGACACGGCCGTATATTTCTGTGCTGGAGAGCCCACGTATTACCATGGTGGTAGTTACTCATTGGATGTCTGGGGCCGGGGAGTTCTGGTCACCGTCTCCTCAG	IGH	F	T	F	T	F	F	IGHV4-AFI*01_S1365	IGHD3-14*01	IGHJ5-2*01	TGTCTCTGGTGGCTCCTTCAGCAGTAACTATTGGAGCTGGATCCGCCAGTCCCCAGGGAAGGGACTGGAGTGGATTGGACGTATATCTTCTGGTGGTGGGAGCACCGACTACAACCCCTCCCTCGAGAGTCGAGTCACCATTTCAACAGACACGTCCAAGAACCACTTCTCCCTGCACCTGAACTCTGTGACCGCCGCGGACACGGCCGTATATTTCTGTGCTGGAGAGCCCACGTATTACCATGGTGGTAGTTACTCATTGGATGTCTGGGGCCGGGGAGTTCTGGTCACCGTCTCCTCAG	TGTCTCTGGTGGCTCCATCAGCAGTAACTACTGGAGCTGGATCCGCCAGCCCCCAGGGAAGGGACTGGAGTGGATTGGACGTATCTCTGGTAGTGGTGGGAGCACCGACTACAACCCCTCCCTCAAGAGTCGAGTCACCATTTCAACAGACACGTCCAAGAACCAGTTCTCCCTGAAGCTGAGCTCTGTGACCGCCGCGGACACGGCCGTGTATTACTGTGCNNNNNNNNNNNNGTATTACTATAGTGGTAGTTACTCATTGGATGTCTGGGGCCGGGGAGTTCTGGTCACCGTCTCCTCAG	VSGGSFSSNYWSWIRQSPGKGLEWIGRISSGGGSTDYNPSLESRVTISTDTSKNHFSLHLNSVTAADTAVYFCAGEPTYYHGGSYSLDVWGRGVLVTVSS	VSGGSISSNYWSWIRQPPGKGLEWIGRISGSGGSTDYNPSLKSRVTISTDTSKNQFSLKLSSVTAADTAVYYCAXXXXYYYSGSYSLDVWGRGVLVTVSS	1	222	235	254	255	302	TGTCTCTGGTGGCTCCTTCAGCAGTAACTATTGGAGCTGGATCCGCCAGTCCCCAGGGAAGGGACTGGAGTGGATTGGACGTATATCTTCTGGTGGTGGGAGCACCGACTACAACCCCTCCCTCGAGAGTCGAGTCACCATTTCAACAGACACGTCCAAGAACCACTTCTCCCTGCACCTGAACTCTGTGACCGCCGCGGACACGGCCGTATATTTCTGTGC	VSGGSFSSNYWSWIRQSPGKGLEWIGRISSGGGSTDYNPSLESRVTISTDTSKNHFSLHLNSVTAADTAVYFCA	TGTCTCTGGTGGCTCCATCAGCAGTAACTACTGGAGCTGGATCCGCCAGCCCCCAGGGAAGGGACTGGAGTGGATTGGACGTATCTCTGGTAGTGGTGGGAGCACCGACTACAACCCCTCCCTCAAGAGTCGAGTCACCATTTCAACAGACACGTCCAAGAACCAGTTCTCCCTGAAGCTGAGCTCTGTGACCGCCGCGGACACGGCCGTGTATTACTGTGC	VSGGSISSNYWSWIRQPPGKGLEWIGRISGSGGSTDYNPSLKSRVTISTDTSKNQFSLKLSSVTAADTAVYYCA	GTATTACCATGGTGGTAGTT	YYHGGS	GTATTACTATAGTGGTAGTT	YYYSGS	ACTCATTGGATGTCTGGGGCCGGGGAGTTCTGGTCACCGTCTCCTCAG	SLDVWGRGVLVTVSS	ACTCATTGGATGTCTGGGGCCGGGGAGTTCTGGTCACCGTCTCCTCAG	SLDVWGRGVLVTVSS	TGTCTCT	VS	GGTGGCTCCTTCAGCAGTAACTAT	GGSFSSNY	TGGAGCTGGATCCGCCAGTCCCCAGGGAAGGGACTGGAGTGGATTGGACGT	WSWIRQSPGKGLEWIGR	ATATCTTCTGGTGGTGGGAGCACC	ISSGGGST	GACTACAACCCCTCCCTCGAGAGTCGAGTCACCATTTCAACAGACACGTCCAAGAACCACTTCTCCCTGCACCTGAACTCTGTGACCGCCGCGGACACGGCCGTATATTTCTGT	DYNPSLESRVTISTDTSKNHFSLHLNSVTAADTAVYFC	TGGGGCCGGGGAGTTCTGGTCACCGTCTCCTCA	WGRGVLVTVSS	GCTGGAGAGCCCACGTATTACCATGGTGGTAGTTACTCATTGGATGTC	AGEPTYYHGGSYSLDV	TGTGCTGGAGAGCCCACGTATTACCATGGTGGTAGTTACTCATTGGATGTCTGG	54	CAGEPTYYHGGSYSLDVW	18	304.110	27.605	92.976	2S68N222M80S6N	236S20M48S8N	256S3N48M	1.830e-85	8.180e-04	1.986e-23	93.694	90.000	100.000	3	224	69	290	237	256	1	20	257	304	4	51	3	9	10	33	34	84	85	108	109	222	271	303	223	270	TGGAGAGCCCAC	12		0
00000337	CAGGTGCAGCTGCGGGAGTCGGGCCCAGGACTGCTGAAACCTTCGGAGAACCTGTCCCTCACCTGCACTGTCTCTGGTGACTCTTTGACAACTGAGTATGCCTGGAGCTGGATCCGCCAGTCCCCTGGGAAGGGCCTAGAGTGGATCGGATATATCGGTACTATTGGGAACACCAACTACAACCCCTCCCTCAATAGTCGCGTCACCATTTCAAGAGACACGTCCAAGAACCAGGTCTTTCTGGAACTGACCTCTGTGACCGCCGCGGACACGGCCGTCTATTATTGTGCGAGACATACTTTCTTGGATGTCTGGGGCCGGGGACTTCTGGTCACCGTCTCCGCAG	IGH	F	T	F	T	F	T	IGHV4-AGU*01	IGHD2-13*01,IGHD2-2*01,IGHD2-20*01	IGHJ5-2*01	CAGGTGCAGCTGCGGGAGTCGGGCCCAGGACTGCTGAAACCTTCGGAGAACCTGTCCCTCACCTGCACTGTCTCTGGTGACTCTTTGACAACTGAGTATGCCTGGAGCTGGATCCGCCAGTCCCCTGGGAAGGGCCTAGAGTGGATCGGATATATC---GGTACTATTGGGAACACCAACTACAACCCCTCCCTCAATAGTCGCGTCACCATTTCAAGAGACACGTCCAAGAACCAGGTCTTTCTGGAACTGACCTCTGTGACCGCCGCGGACACGGCCGTCTATTATTGTGCGAGACATACTTTCTTGGATGTCTGGGGCCGGGGACTTCTGGTCACCGTCTCCGCAG	CAGGTGCAGCTGCAGGAGTCGGGCCCAGGACTGGTGAAGCCTTCGGAGACCCTGTCCCTCACCTGCGCTGTCTCTGGTTACTCCATCAGCAGTGGTTATGGCTGGAGCTGGATCCGCCAGCCCCCAGGGAAGGGGCTGGAGTGGATTGGGTATATCGGTGGTAGTAGTGGTAGCACCAACTACAACCCCTCCCTCAAGAGTCGAGTCACCATTTCAAAAGACACGTCCAAGAACCAGTTCTCCCTGAAGCTGAGCTCTGTGACCGCCGCGGACACGGCCGTGTATTACTGTGCGAGANNTACTTNNTTGGATGTCTGGGGCCGGGGAGTTCTGGTCACCGTCTCCTCAG	QVQLRESGPGLLKPSENLSLTCTVSGDSLTTEYAWSWIRQSPGKGLEWIGYIGTIGNTNYNPSLNSRVTISRDTSKNQVFLELTSVTAADTAVYYCARHTFLDVWGRGLLVTVSA	QVQLQESGPGLVKPSETLSLTCAVSGYSISSGYGWSWIRQPPGKGLEWIGYIGGSSGSTNYNPSLKSRVTISKDTSKNQFSLKLSSVTAADTAVYYCARXTXLDVWGRGVLVTVSS	1	297	300	304	307	349	CAGGTGCAGCTGCGGGAGTCGGGCCCAGGACTGCTGAAACCTTCGGAGAACCTGTCCCTCACCTGCACTGTCTCTGGTGACTCTTTGACAACTGAGTATGCCTGGAGCTGGATCCGCCAGTCCCCTGGGAAGGGCCTAGAGTGGATCGGATATATC---GGTACTATTGGGAACACCAACTACAACCCCTCCCTCAATAGTCGCGTCACCATTTCAAGAGACACGTCCAAGAACCAGGTCTTTCTGGAACTGACCTCTGTGACCGCCGCGGACACGGCCGTCTATTATTGTGCGAGA	QVQLRESGPGLLKPSENLSLTCTVSGDSLTTEYAWSWIRQSPGKGLEWIGYIGTIGNTNYNPSLNSRVTISRDTSKNQVFLELTSVTAADTAVYYCAR	CAGGTGCAGCTGCAGGAGTCGGGCCCAGGACTGGTGAAGCCTTCGGAGACCCTGTCCCTCACCTGCGCTGTCTCTGGTTACTCCATCAGCAGTGGTTATGGCTGGAGCTGGATCCGCCAGCCCCCAGGGAAGGGGCTGGAGTGGATTGGGTATATCGGTGGTAGTAGTGGTAGCACCAACTACAACCCCTCCCTCAAGAGTCGAGTCACCATTTCAAAAGACACGTCCAAGAACCAGTTCTCCCTGAAGCTGAGCTCTGTGACCGCCGCGGACACGGCCGTGTATTACTGTGCGAGA	QVQLQESGPGLVKPSETLSLTCAVSGYSISSGYGWSWIRQPPGKGLEWIGYIGGSSGSTNYNPSLKSRVTISKDTSKNQFSLKLSSVTAADTAVYYCAR	TACTT	T	TACTT	T	TTGGATGTCTGGGGCCGGGGACTTCTGGTCACCGTCTCCGCAG	LDVWGRGLLVTVSA	TTGGATGTCTGGGGCCGGGGAGTTCTGGTCACCGTCTCCTCAG	LDVWGRGVLVTVSS	CAGGTGCAGCTGCGGGAGTCGGGCCCAGGACTGCTGAAACCTTCGGAGAACCTGTCCCTCACCTGCACTGTCTCT	QVQLRESGPGLLKPSENLSLTCTVS	GGTGACTCTTTGACAACTGAGTATGCC	GDSLTTEYA	TGGAGCTGGATCCGCCAGTCCCCTGGGAAGGGCCTAGAGTGGATCGGATAT	WSWIRQSPGKGLEWIGY	ATCGGTACTATTGGGAACACC	IGTIGNT	AACTACAACCCCTCCCTCAATAGTCGCGTCACCATTTCAAGAGACACGTCCAAGAACCAGGTCTTTCTGGAACTGACCTCTGTGACCGCCGCGGACACGGCCGTCTATTATTGT	NYNPSLNSRVTISRDTSKNQVFLELTSVTAADTAVYYC	TGGGGCCGGGGACTTCTGGTCACCGTCTCCGCA	WGRGLLVTVSA	GCGAGACATACTTTCTTGGATGTC	ARHTFLDV	TGTGCGAGACATACTTTCTTGGATGTCTGG	30	CARHTFLDVW	10	336.830	10.301	71.827	156M3D138M52S2N	296S15N5M45S11N	303S8N43M	2.975e-95	1.513e+02	5.279e-17	86.869	100.000	95.349	1	294	1	297	297	301	16	20	304	346	9	51	1	75	76	102	103	153	154	174	175	288	313	345	289	312	CA	2	TC	2
00000352	CAGGTGCAGCTGCAGGAGTCGGGCCCAGGACTGGTGAAGCCTTCGAACACCCTGTCCCTCACCTGCGCTGTCTCTGGTTCTTCTTTGAGTAGTGCTTATGGCTGGAACTGGATCCGCCAGTCCCCAGGGAAGGGGCTGCAGTGGATTGGGTTTATCGGTGGTGGTAGTGGTAGTACCAACTACAACCCCTCCCTCAAGCGTCGAGTCACCATTTCAAAAGACTCGTCCAAGAACCAATTCTCCCTGAAACTGAGCTCTGTGACCGCCGCGGACACGGCCGTATATTACTGTGCGCGAGTGTCGGTAGACGTCCACTACGGTTTGGACTCCTGGGGCCAAGGAGCCGTCGTCACCGTCTCCTCAG	IGH	F	T	F	T	F	T	IGHV4-AGU*01	IGHD4-27*01,IGHD4-27*02	IGHJ6*01	CAGGTGCAGCTGCAGGAGTCGGGCCCAGGACTGGTGAAGCCTTCGAACACCCTGTCCCTCACCTGCGCTGTCTCTGGTTCTTCTTTGAGTAGTGCTTATGGCTGGAACTGGATCCGCCAGTCCCCAGGGAAGGGGCTGCAGTGGATTGGGTTTATCGGTGGTGGTAGTGGTAGTACCAACTACAACCCCTCCCTCAAGCGTCGAGTCACCATTTCAAAAGACTCGTCCAAGAACCAATTCTCCCTGAAACTGAGCTCTGTGACCGCCGCGGACACGGCCGTATATTACTGTGCGCGAGTGTCGGTAGACGTCCACTACGGTTTGGACTCCTGGGGCCAAGGAGCCGTCGTCACCGTCTCCTCAG	CAGGTGCAGCTGCAGGAGTCGGGCCCAGGACTGGTGAAGCCTTCGGAGACCCTGTCCCTCACCTGCGCTGTCTCTGGTTACTCCATCAGCAGTGGTTATGGCTGGAGCTGGATCCGCCAGCCCCCAGGGAAGGGGCTGGAGTGGATTGGGTATATCGGTGGTAGTAGTGGTAGCACCAACTACAACCCCTCCCTCAAGAGTCGAGTCACCATTTCAAAAGACACGTCCAAGAACCAGTTCTCCCTGAAGCTGAGCTCTGTGACCGCCGCGGACACGGCCGTGTATTACTGTGCGAGAGNNNCGGTAGNNNNNNACTACGGTTTGGATTCCTGGGGCCAAGGGGTCGTCGTCACCGTCTCCTCAG	QVQLQESGPGLVKPSNTLSLTCAVSGSSLSSAYGWNWIRQSPGKGLQWIGFIGGGSGSTNYNPSLKRRVTISKDSSKNQFSLKLSSVTAADTAVYYCARVSVDVHYGLDSWGQGAVVTVSS	QVQLQESGPGLVKPSETLSLTCAVSGYSISSGYGWSWIRQPPGKGLEWIGYIGGSSGSTNYNPSLKSRVTISKDTSKNQFSLKLSSVTAADTAVYYCARXXVXXXYGLDSWGQGVVVTVSS	1	298	302	307	314	364	CAGGTGCAGCTGCAGGAGTCGGGCCCAGGACTGGTGAAGCCTTCGAACACCCTGTCCCTCACCTGCGCTGTCTCTGGTTCTTCTTTGAGTAGTGCTTATGGCTGGAACTGGATCCGCCAGTCCCCAGGGAAGGGGCTGCAGTGGATTGGGTTTATCGGTGGTGGTAGTGGTAGTACCAACTACAACCCCTCCCTCAAGCGTCGAGTCACCATTTCAAAAGACTCGTCCAAGAACCAATTCTCCCTGAAACTGAGCTCTGTGACCGCCGCGGACACGGCCGTATATTACTGTGCGCGAG	QVQLQESGPGLVKPSNTLSLTCAVSGSSLSSAYGWNWIRQSPGKGLQWIGFIGGGSGSTNYNPSLKRRVTISKDSSKNQFSLKLSSVTAADTAVYYCAR	CAGGTGCAGCTGCAGGAGTCGGGCCCAGGACTGGTGAAGCCTTCGGAGACCCTGTCCCTCACCTGCGCTGTCTCTGGTTACTCCATCAGCAGTGGTTATGGCTGGAGCTGGATCCGCCAGCCCCCAGGGAAGGGGCTGGAGTGGATTGGGTATATCGGTGGTAGTAGTGGTAGCACCAACTACAACCCCTCCCTCAAGAGTCGAGTCACCATTTCAAAAGACACGTCCAAGAACCAGTTCTCCCTGAAGCTGAGCTCTGTGACCGCCGCGGACACGGCCGTGTATTACTGTGCGAGAG	QVQLQESGPGLVKPSETLSLTCAVSGYSISSGYGWSWIRQPPGKGLEWIGYIGGSSGSTNYNPSLKSRVTISKDTSKNQFSLKLSSVTAADTAVYYCAR	CGGTAG	V	CGGTAG	V	ACTACGGTTTGGACTCCTGGGGCCAAGGAGCCGTCGTCACCGTCTCCTCAG	YGLDSWGQGAVVTVSS	ACTACGGTTTGGATTCCTGGGGCCAAGGGGTCGTCGTCACCGTCTCCTCAG	YGLDSWGQGVVVTVSS	CAGGTGCAGCTGCAGGAGTCGGGCCCAGGACTGGTGAAGCCTTCGAACACCCTGTCCCTCACCTGCGCTGTCTCT	QVQLQESGPGLVKPSNTLSLTCAVS	GGTTCTTCTTTGAGTAGTGCTTATGGC	GSSLSSAYG	TGGAACTGGATCCGCCAGTCCCCAGGGAAGGGGCTGCAGTGGATTGGGTTT	WNWIRQSPGKGLQWIGF	ATCGGTGGTGGTAGTGGTAGTACC	IGGGSGST	AACTACAACCCCTCCCTCAAGCGTCGAGTCACCATTTCAAAAGACTCGTCCAAGAACCAATTCTCCCTGAAACTGAGCTCTGTGACCGCCGCGGACACGGCCGTATATTACTGT	NYNPSLKRRVTISKDSSKNQFSLKLSSVTAADTAVYYC	TGGGGCCAAGGAGCCGTCGTCACCGTCTCCTCA	WGQGAVVTVSS	GCGCGAGTGTCGGTAGACGTCCACTACGGTTTGGACTCC	ARVSVDVHYGLDS	TGTGCGCGAGTGTCGGTAGACGTCCACTACGGTTTGGACTCCTGG	45	CARVSVDVHYGLDSW	15	400.713	12.223	81.440	298M66S1N	301S6N6M57S7N	313S3N51M	1.835e-114	4.205e+01	7.100e-20	92.953	100.000	94.118	1	298	1	298	302	307	7	12	314	364	4	54	1	75	76	102	103	153	154	177	178	291	331	363	292	330	TGT	3	ACGTCC	6
00000368	NGTGCAGGCTCTGGATTCGCCTTCAGCGGTTATTACATTTACTGGGTCCGCCAGACTCCGGGGAAGGGACTGGAGTGGATCTCAGCTGTAAGCTCTGGTGGGGGTAGAACATACTACTCAGAGTCCGTGAAAGGCCGATTCACCATTTCAAGAGACAACTCAAGGAACACATCGTCCCTGGAAATGAACAGCCTGAGACTTGAAGACACGGCCGTTTATTTCTGCGCGAAGGCCTATTGGAGTGATTATTATGAAGATGCATTCGATCTCTGGGGCCTTGGGGTCAGGGTCACCGTCTCTTCTG	IGH	F	T	F	T	F	F	IGHV3-AEH*01	IGHD3-21*01	IGHJ3*01	GTGCAGGCTCTGGATTCGCCTTCAGCGGTTATTACATTTACTGGGTCCGCCAGACTCCGGGGAAGGGACTGGAGTGGATCTCAGCTGTAAGCTCTGGTGGGGGTAGAACATACTACTCAGAGTCCGTGAAAGGCCGATTCACCATTTCAAGAGACAACTCAAGGAACACATCGTCCCTGGAAATGAACAGCCTGAGACTTGAAGACACGGCCGTTTATTTCTGCGCGAAGGCCTATTGGAGTGATTATTATGAAGATGCATTCGATCTCTGGGGCCTTGGGGTCAGGGTCACCGTCTCTTC	GTGCAGCCTCTGGATTCACCTTCAGTAGCTACTACATGTACTGGGTCCGCCAGGCTCCAGGGAAGGGGCTGGAGTGGATCTCAGCTATTAATACTGGTGGGGGTAGCACATACTACGCAGACTCCGTGAAAGGCCGATTCACCATCTCCAGAGACAACTCAAAGAACACGCTCTCCCTGCAAATGAACAGCCTGAGAGCTGAGGACACGGCCGTGTATTACTGTGCGAANNNNNNNTGGGGTGATTATTATGANGATGCTTTTGATTTCTGGGGCCAAGGGCTCAGGGTCACCGTCTCTTC	AGSGFAFSGYYIYWVRQTPGKGLEWISAVSSGGGRTYYSESVKGRFTISRDNSRNTSSLEMNSLRLEDTAVYFCAKAYWSDYYEDAFDLWGLGVRVTVSS	AASGFTFSSYYMYWVRQAPGKGLEWISAINTGGGSTYYADSVKGRFTISRDNSKNTLSLQMNSLRAEDTAVYYCAXXXWGDYYXDAFDFWGQGLRVTVSS	1	229	237	253	255	301	GTGCAGGCTCTGGATTCGCCTTCAGCGGTTATTACATTTACTGGGTCCGCCAGACTCCGGGGAAGGGACTGGAGTGGATCTCAGCTGTAAGCTCTGGTGGGGGTAGAACATACTACTCAGAGTCCGTGAAAGGCCGATTCACCATTTCAAGAGACAACTCAAGGAACACATCGTCCCTGGAAATGAACAGCCTGAGACTTGAAGACACGGCCGTTTATTTCTGCGCGAA	AGSGFAFSGYYIYWVRQTPGKGLEWISAVSSGGGRTYYSESVKGRFTISRDNSRNTSSLEMNSLRLEDTAVYFCA	GTGCAGCCTCTGGATTCACCTTCAGTAGCTACTACATGTACTGGGTCCGCCAGGCTCCAGGGAAGGGGCTGGAGTGGATCTCAGCTATTAATACTGGTGGGGGTAGCACATACTACGCAGACTCCGTGAAAGGCCGATTCACCATCTCCAGAGACAACTCAAAGAACACGCTCTCCCTGCAAATGAACAGCCTGAGAGCTGAGGACACGGCCGTGTATTACTGTGCGAA	AASGFTFSSYYMYWVRQAPGKGLEWISAINTGGGSTYYADSVKGRFTISRDNSKNTLSLQMNSLRAEDTAVYYCA	TGGAGTGATTATTATGA	WSDYY	TGGGGTGATTATTATGA	WGDYY	GATGCATTCGATCTCTGGGGCCTTGGGGTCAGGGTCACCGTCTCTTC	DAFDLWGLGVRVTVSS	GATGCTTTTGATTTCTGGGGCCAAGGGCTCAGGGTCACCGTCTCTTC	DAFDFWGQGLRVTVSS	GTGCAGGCTCT	AGS	GGATTCGCCTTCAGCGGTTATTAC	GFAFSGYY	ATTTACTGGGTCCGCCAGACTCCGGGGAAGGGACTGGAGTGGATCTCAGCT	IYWVRQTPGKGLEWISA	GTAAGCTCTGGTGGGGGTAGAACA	VSSGGGRT	TACTACTCAGAGTCCGTGAAAGGCCGATTCACCATTTCAAGAGACAACTCAAGGAACACATCGTCCCTGGAAATGAACAGCCTGAGACTTGAAGACACGGCCGTTTATTTCTGC	YYSESVKGRFTISRDNSRNTSSLEMNSLRLEDTAVYFC	TGGGGCCTTGGGGTCAGGGTCACCGTCTCTTC	WGLGVRVTVSS	GCGAAGGCCTATTGGAGTGATTATTATGAAGATGCATTCGATCTC	AKAYWSDYYEDAFDL	TGCGCGAAGGCCTATTGGAGTGATTATTATGAAGATGCATTCGATCTCTGG	51	CAKAYWSDYYEDAFDLW	17	258.925	27.605	56.445	1S64N229M74S3N	237S4N17M50S1N	255S1N47M2S2N	7.322e-72	8.180e-04	1.972e-12	86.026	94.118	87.234	2	230	65	293	238	254	5	21	256	302	2	48	2	12	13	36	37	87	88	111	112	225	271	302	226	270	GGCCTAT	7	A	1
00000487	CAGGTGCAGCTGCGGGAGTCGGGCCCAGCAGTGGTGAAGCCTTCGGAGACCCTGTCCCTCACCTGCGATGTCTTTAGTGAATATATCGACAGTATAAACTGGTGGAGTTGGCTCCGCCAGTTCCCAGGGAAGGGACTGGAGTGGATTGGCGCTATCGACTCTAATGGTTGGAACACCGAATACAACCCCTCCCTCAAGAGTCGAGTCACCATTTCAATGGACACGTCCAAGGACCAGTTGTTCCTGAACTTGAAGTCTGTGACCGTCGCGGACACCGCCGTATATTATTGTGCGAGACATTCCCTTCCAGGTCGATATTGGGGCCAGGGAATCCTGGTCTCCGTCTCCTCAG	IGH	F	T	F	T	F	T	IGHV4-AFU-U*01	IGHD3-36*01	IGHJ4*01	CAGGTGCAGCTGCGGGAGTCGGGCCCAGCAGTGGTGAAGCCTTCGGAGACCCTGTCCCTCACCTGCGATGTCTTTAGTGAATATATCGACAGTATAAACTGGTGGAGTTGGCTCCGCCAGTTCCCAGGGAAGGGACTGGAGTGGATTGGCGCTATCGACTCTAATGGTTGGAACACCGAATACAACCCCTCCCTCAAGAGTCGAGTCACCATTTCAATGGACACGTCCAAGGACCAGTTGTTCCTGAACTTGAAGTCTGTGACCGTCGCGGACACCGCCGTATATTATTGTGCGAGACATTCCCTTCCAGGTCGATATTGGGGCCAGGGAATCCTGGTCTCCGTCTCCTCAG	CAGGTGCAGCTGCAGGAGTCGGGCCCAGCAGTGGTGAAGCCTTCGGAGACCCTGTCCCTCACCTGCGCTGTCTCTGGTGGCTCCATCAGCAGTAGTAACTGGTGGAGCTGGATCCGCCAGTCCCCAGGGAAGGGGCTGGAATGGATTGGGGGTATCTATGGTAGTGGTGGGAGCACCGAATACAACCCCTCCCTCAAGAGTCGAGTCACCATTTCAATAGACACGTCCAAGAACCAGTTCTCCCTGAAGCTGAGCTCTGTGACCGCCGCGGACACCGCCGTGTATTACTGTGCGAGACANNNNNNNNNNNGTCGATATTGGGGCCAGGGAGTCCTGGTCACCGTCTCCTCAG	QVQLRESGPAVVKPSETLSLTCDVFSEYIDSINWWSWLRQFPGKGLEWIGAIDSNGWNTEYNPSLKSRVTISMDTSKDQLFLNLKSVTVADTAVYYCARHSLPGRYWGQGILVSVSS	QVQLQESGPAVVKPSETLSLTCAVSGGSISSSNWWSWIRQSPGKGLEWIGGIYGSGGSTEYNPSLKSRVTISIDTSKNQFSLKLSSVTAADTAVYYCARXXXXXRYWGQGVLVTVSS	1	299	311	318	319	352	CAGGTGCAGCTGCGGGAGTCGGGCCCAGCAGTGGTGAAGCCTTCGGAGACCCTGTCCCTCACCTGCGATGTCTTTAGTGAATATATCGACAGTATAAACTGGTGGAGTTGGCTCCGCCAGTTCCCAGGGAAGGGACTGGAGTGGATTGGCGCTATCGACTCTAATGGTTGGAACACCGAATACAACCCCTCCCTCAAGAGTCGAGTCACCATTTCAATGGACACGTCCAAGGACCAGTTGTTCCTGAACTTGAAGTCTGTGACCGTCGCGGACACCGCCGTATATTATTGTGCGAGACA	QVQLRESGPAVVKPSETLSLTCDVFSEYIDSINWWSWLRQFPGKGLEWIGAIDSNGWNTEYNPSLKSRVTISMDTSKDQLFLNLKSVTVADTAVYYCAR	CAGGTGCAGCTGCAGGAGTCGGGCCCAGCAGTGGTGAAGCCTTCGGAGACCCTGTCCCTCACCTGCGCTGTCTCTGGTGGCTCCATCAGCAGTAGTAACTGGTGGAGCTGGATCCGCCAGTCCCCAGGGAAGGGGCTGGAATGGATTGGGGGTATCTATGGTAGTGGTGGGAGCACCGAATACAACCCCTCCCTCAAGAGTCGAGTCACCATTTCAATAGACACGTCCAAGAACCAGTTCTCCCTGAAGCTGAGCTCTGTGACCGCCGCGGACACCGCCGTGTATTACTGTGCGAGACA	QVQLQESGPAVVKPSETLSLTCAVSGGSISSSNWWSWIRQSPGKGLEWIGGIYGSGGSTEYNPSLKSRVTISIDTSKNQFSLKLSSVTAADTAVYYCAR	GTCGATAT	RY	GTCGATAT	RY	TGGGGCCAGGGAATCCTGGTCTCCGTCTCCTCAG	WGQGILVSVSS	TGGGGCCAGGGAGTCCTGGTCACCGTCTCCTCAG	WGQGVLVTVSS	CAGGTGCAGCTGCGGGAGTCGGGCCCAGCAGTGGTGAAGCCTTCGGAGACCCTGTCCCTCACCTGCGATGTCTTT	QVQLRESGPAVVKPSETLSLTCDVF	AGTGAATATATCGACAGTATAAACTGG	SEYIDSINW	TGGAGTTGGCTCCGCCAGTTCCCAGGGAAGGGACTGGAGTGGATTGGCGCT	WSWLRQFPGKGLEWIGA	ATCGACTCTAATGGTTGGAACACC	IDSNGWNT	GAATACAACCCCTCCCTCAAGAGTCGAGTCACCATTTCAATGGACACGTCCAAGGACCAGTTGTTCCTGAACTTGAAGTCTGTGACCGTCGCGGACACCGCCGTATATTATTGT	EYNPSLKSRVTISMDTSKDQLFLNLKSVTVADTAVYYC	TGGGGCCAGGGAATCCTGGTCTCCGTCTCCTCA	WGQGILVSVSS	GCGAGACATTCCCTTCCAGGTCGATAT	ARHSLPGRY	TGTGCGAGACATTCCCTTCCAGGTCGATATTGG	33	CARHSLPGRYW	11	352.411	16.069	54.523	299M53S	310S23N8M34S6N	318S14N34M	6.181e-100	2.826e+00	8.696e-12	87.625	100.000	94.118	1	299	1	299	311	318	24	31	319	352	15	48	1	75	76	102	103	153	154	177	178	291	319	351	292	318	TTCCCTTCCAG	11		0
00000512	CAGCTGCAGCTGCAGGAGTCGGGCCCAGGACTGGTGAAGCCTTCGGAGACCCTGTCCCTCACCTGCACTGTCTCTGGTGGCTCCATCAGCAGTAACTCCTGGAGCTGGATCCGCCAGCCCCCAGGGAAGGGACTGGAATGGATTGGACGTATCTCTGGTAGTGATGGGAGCACCGACTACAACCCCTCCCTCAAGAGTCGAGTCACCATTTCAACAGACACGTCCAAGAACCAGTTCTCCCTGAAGCTGCCCTCTGTGACCGCCGCGGACACGGCCGTGTATTACTGTGCGAGAGATCGTCGACTGTACTGGGATAAACTTGATTTCTGGGGCCAAGGGCTCAGGGTCACCGTCTCTTCAG	IGH	F	T	F	T	F	T	IGHV4-AFI*01_S1365	IGHD2-20*01,IGHD2-20*02	IGHJ3*01	CAGCTGCAGCTGCAGGAGTCGGGCCCAGGACTGGTGAAGCCTTCGGAGACCCTGTCCCTCACCTGCACTGTCTCTGGTGGCTCCATCAGCAGTAACTCCTGGAGCTGGATCCGCCAGCCCCCAGGGAAGGGACTGGAATGGATTGGACGTATCTCTGGTAGTGATGGGAGCACCGACTACAACCCCTCCCTCAAGAGTCGAGTCACCATTTCAACAGACACGTCCAAGAACCAGTTCTCCCTGAAGCTGCCCTCTGTGACCGCCGCGGACACGGCCGTGTATTACTGTGCGAGAGATCGTCGACTGTACTGGGATAAACTTGATTTCTGGGGCCAAGGGCTCAGGGTCACCGTCTCTTCAG	CAGCTGCAGCTGCAGGAGTCGGGCCCAGGACTGGTGAAGCCTTCGGAGACCCTGTCCCTCACCTGCGCTGTCTCTGGTGGCTCCATCAGCAGTAACTACTGGAGCTGGATCCGCCAGCCCCCAGGGAAGGGACTGGAGTGGATTGGACGTATCTCTGGTAGTGGTGGGAGCACCGACTACAACCCCTCCCTCAAGAGTCGAGTCACCATTTCAACAGACACGTCCAAGAACCAGTTCTCCCTGAAGCTGAGCTCTGTGACCGCCGCGGACACGGCCGTGTATTACTGTGCGAGANNNNNNNNACTGTACTGGNNNNNNNTTGATTTCTGGGGCCAAGGGCTCAGGGTCACCGTCTCTTCAG	QLQLQESGPGLVKPSETLSLTCTVSGGSISSNSWSWIRQPPGKGLEWIGRISGSDGSTDYNPSLKSRVTISTDTSKNQFSLKLPSVTAADTAVYYCARDRRLYWDKLDFWGQGLRVTVSS	QLQLQESGPGLVKPSETLSLTCAVSGGSISSNYWSWIRQPPGKGLEWIGRISGSGGSTDYNPSLKSRVTISTDTSKNQFSLKLSSVTAADTAVYYCARXXXLYWXXXDFWGQGLRVTVSS	1	294	303	312	320	361	CAGCTGCAGCTGCAGGAGTCGGGCCCAGGACTGGTGAAGCCTTCGGAGACCCTGTCCCTCACCTGCACTGTCTCTGGTGGCTCCATCAGCAGTAACTCCTGGAGCTGGATCCGCCAGCCCCCAGGGAAGGGACTGGAATGGATTGGACGTATCTCTGGTAGTGATGGGAGCACCGACTACAACCCCTCCCTCAAGAGTCGAGTCACCATTTCAACAGACACGTCCAAGAACCAGTTCTCCCTGAAGCTGCCCTCTGTGACCGCCGCGGACACGGCCGTGTATTACTGTGCGAGA	QLQLQESGPGLVKPSETLSLTCTVSGGSISSNSWSWIRQPPGKGLEWIGRISGSDGSTDYNPSLKSRVTISTDTSKNQFSLKLPSVTAADTAVYYCAR	CAGCTGCAGCTGCAGGAGTCGGGCCCAGGACTGGTGAAGCCTTCGGAGACCCTGTCCCTCACCTGCGCTGTCTCTGGTGGCTCCATCAGCAGTAACTACTGGAGCTGGATCCGCCAGCCCCCAGGGAAGGGACTGGAGTGGATTGGACGTATCTCTGGTAGTGGTGGGAGCACCGACTACAACCCCTCCCTCAAGAGTCGAGTCACCATTTCAACAGACACGTCCAAGAACCAGTTCTCCCTGAAGCTGAGCTCTGTGACCGCCGCGGACACGGCCGTGTATTACTGTGCGAGA	QLQLQESGPGLVKPSETLSLTCAVSGGSISSNYWSWIRQPPGKGLEWIGRISGSGGSTDYNPSLKSRVTISTDTSKNQFSLKLSSVTAADTAVYYCAR	ACTGTACTGG	LYW	ACTGTACTGG	LYW	TTGATTTCTGGGGCCAAGGGCTCAGGGTCACCGTCTCTTCAG	DFWGQGLRVTVSS	TTGATTTCTGGGGCCAAGGGCTCAGGGTCACCGTCTCTTCAG	DFWGQGLRVTVSS	CAGCTGCAGCTGCAGGAGTCGGGCCCAGGACTGGTGAAGCCTTCGGAGACCCTGTCCCTCACCTGCACTGTCTCT	QLQLQESGPGLVKPSETLSLTCTVS	GGTGGCTCCATCAGCAGTAACTCC	GGSISSNS	TGGAGCTGGATCCGCCAGCCCCCAGGGAAGGGACTGGAATGGATTGGACGT	WSWIRQPPGKGLEWIGR	ATCTCTGGTAGTGATGGGAGCACC	ISGSDGST	GACTACAACCCCTCCCTCAAGAGTCGAGTCACCATTTCAACAGACACGTCCAAGAACCAGTTCTCCCTGAAGCTGCCCTCTGTGACCGCCGCGGACACGGCCGTGTATTACTGT	DYNPSLKSRVTISTDTSKNQFSLKLPSVTAADTAVYYC	TGGGGCCAAGGGCTCAGGGTCACCGTCTCTTCA	WGQGLRVTVSS	GCGAGAGATCGTCGACTGTACTGGGATAAACTTGATTTC	ARDRRLYWDKLDF	TGTGCGAGAGATCGTCGACTGTACTGGGATAAACTTGATTTCTGG	45	CARDRRLYWDKLDFW	15	441.224	19.914	81.440	294M67S2N	302S5N10M49S16N	319S8N42M	1.161e-126	2.018e-01	7.040e-20	97.959	100.000	100.000	1	294	1	294	303	312	6	15	320	361	9	50	1	75	76	99	100	150	151	174	175	288	328	360	289	327	GATCGTCG	8	GATAAAC	7
00000540	CAGGTGCAGCTGCAGGAGTCGGGCCCTGGACTGGTGAAGCCTTCGGAGACCCTCTCCCTCACCTGCGATGTCTCCGGTGCCGCCATCAGTAGTTTCTGGTGGAGTTGGATCCGCCAGCCCCCAGGGAAGGGACTGGAGTGGATTGGGGGGATCAATGGAGATAGCGGTAATAGTTACCACAACCCCTCCCTCAAGACTCGAGTCACCTTTTCAAAAGACGCGTCCAAGAAGCAGTTCTACCTGAGGCTGATCTCTGTGACCGCCGCGGACACGGCCGTATATTATTGTGCGAGTGTCAATACTTACTATTGGGGCCAGGGAGTCCTGGTCACCGTCTCCTCAG	IGH	F	T	F	T	F	T	IGHV4-ADD*01_S9501	IGHD2-20*01,IGHD2-20*02	IGHJ4*01	CAGGTGCAGCTGCAGGAGTCGGGCCCTGGACTGGTGAAGCCTTCGGAGACCCTCTCCCTCACCTGCGATGTCTCCGGTGCCGCCATCAGTAGTTTCTGGTGGAGTTGGATCCGCCAGCCCCCAGGGAAGGGACTGGAGTGGATTGGGGGGATCAATGGAGATAGCGGTAATAGTTACCACAACCCCTCCCTCAAGACTCGAGTCACCTTTTCAAAAGACGCGTCCAAGAAGCAGTTCTACCTGAGGCTGATCTCTGTGACCGCCGCGGACACGGCCGTATATTATTGTGCGAGTGTCAATACTTACTATTGGGGCCAGGGAGTCCTGGTCACCGTCTCCTCAG	CAGGTGCAGCTGCAGGAGTCGGGCCCAGGACTGGTGAAGCCTTCGGAGACCCTGTCCCTCACCTGCGCTGTCTCTGGTGCCTCCATCAGTAGTTACTGGTGGAGCTGGATCCGCCAGCCCCCAGGGAAGGGACTGGAGTGGATTGGGGAGATCAATGGTAATAGTGGTAGCACCTACTACAACCCCTCCCTCAAGAGTCGAGTCACCATTTCAAAAGACGCGTCCAAGAACCAGTTCTCCCTGAAGCTGAGCTCTGTGACCGCCGCGGACACGGCCGTGTATTACTGTGCGAGNNNNAATACTNACTACTGGGGCCAGGGAGTCCTGGTCACCGTCTCCTCAG	QVQLQESGPGLVKPSETLSLTCDVSGAAISSFWWSWIRQPPGKGLEWIGGINGDSGNSYHNPSLKTRVTFSKDASKKQFYLRLISVTAADTAVYYCASVNTYYWGQGVLVTVSS	QVQLQESGPGLVKPSETLSLTCAVSGASISSYWWSWIRQPPGKGLEWIGEINGNSGSTYYNPSLKSRVTISKDASKNQFSLKLSSVTAADTAVYYCAXXNTXYWGQGVLVTVSS	1	293	298	303	305	343	CAGGTGCAGCTGCAGGAGTCGGGCCCTGGACTGGTGAAGCCTTCGGAGACCCTCTCCCTCACCTGCGATGTCTCCGGTGCCGCCATCAGTAGTTTCTGGTGGAGTTGGATCCGCCAGCCCCCAGGGAAGGGACTGGAGTGGATTGGGGGGATCAATGGAGATAGCGGTAATAGTTACCACAACCCCTCCCTCAAGACTCGAGTCACCTTTTCAAAAGACGCGTCCAAGAAGCAGTTCTACCTGAGGCTGATCTCTGTGACCGCCGCGGACACGGCCGTATATTATTGTGCGAG	QVQLQESGPGLVKPSETLSLTCDVSGAAISSFWWSWIRQPPGKGLEWIGGINGDSGNSYHNPSLKTRVTFSKDASKKQFYLRLISVTAADTAVYYCA	CAGGTGCAGCTGCAGGAGTCGGGCCCAGGACTGGTGAAGCCTTCGGAGACCCTGTCCCTCACCTGCGCTGTCTCTGGTGCCTCCATCAGTAGTTACTGGTGGAGCTGGATCCGCCAGCCCCCAGGGAAGGGACTGGAGTGGATTGGGGAGATCAATGGTAATAGTGGTAGCACCTACTACAACCCCTCCCTCAAGAGTCGAGTCACCATTTCAAAAGACGCGTCCAAGAACCAGTTCTCCCTGAAGCTGAGCTCTGTGACCGCCGCGGACACGGCCGTGTATTACTGTGCGAG	QVQLQESGPGLVKPSETLSLTCAVSGASISSYWWSWIRQPPGKGLEWIGEINGNSGSTYYNPSLKSRVTISKDASKNQFSLKLSSVTAADTAVYYCA	AATACT	NT	AATACT	NT	ACTATTGGGGCCAGGGAGTCCTGGTCACCGTCTCCTCAG	YWGQGVLVTVSS	ACTACTGGGGCCAGGGAGTCCTGGTCACCGTCTCCTCAG	YWGQGVLVTVSS	CAGGTGCAGCTGCAGGAGTCGGGCCCTGGACTGGTGAAGCCTTCGGAGACCCTCTCCCTCACCTGCGATGTCTCC	QVQLQESGPGLVKPSETLSLTCDVS	GGTGCCGCCATCAGTAGTTTCTGG	GAAISSFW	TGGAGTTGGATCCGCCAGCCCCCAGGGAAGGGACTGGAGTGGATTGGGGGG	WSWIRQPPGKGLEWIGG	ATCAATGGAGATAGCGGTAATAGT	INGDSGNS	TACCACAACCCCTCCCTCAAGACTCGAGTCACCTTTTCAAAAGACGCGTCCAAGAAGCAGTTCTACCTGAGGCTGATCTCTGTGACCGCCGCGGACACGGCCGTATATTATTGT	YHNPSLKTRVTFSKDASKKQFYLRLISVTAADTAVYYC	TGGGGCCAGGGAGTCCTGGTCACCGTCTCCTCA	WGQGVLVTVSS	GCGAGTGTCAATACTTACTAT	ASVNTYY	TGTGCGAGTGTCAATACTTACTATTGG	27	CASVNTYYW	9	383.574	12.223	69.904	293M50S3N	297S2N6M40S23N	304S9N39M	2.502e-109	3.955e+01	1.983e-16	91.809	100.000	97.436	1	293	1	293	298	303	3	8	305	343	10	48	1	75	76	99	100	150	151	174	175	288	310	342	289	309	TGTC	4	T	1
