Direction,BC,Seq
F,1,NNNNAACCACTA
F,2,NNNNNAACTCTAA
F,3,NNNNNNAAGGCCCT
F,4,NNNNNNNAATATGTC
F,5,NNNNNNNNAATCGTCA
F,6,NNNNACACGGCC
F,7,NNNNNAGCAAACG
F,8,NNNNNNAGCGCTGG
F,9,NNNNNNNAGCTCGCT
F,10,NNNNNNNNATCATTGA
F,11,NNNNTTCGATCG
F,12,NNNNNCTAAGTGG
F,13,NNNNNNTCCATTCC
F,14,NNNNNNNGTGTGATC
F,15,NNNNNNNNGGTCTAGC
F,16,NNNNTCGCCGCT
F,17,NNNNNGACAGCCT
F,18,NNNNNNTCTTCCCG
F,19,NNNNNNNTTGTTGCA
F,20,NNNNNNNNCACAGATG
R,1,TAGTGGTT
R,2,TTAGAGTT
R,3,AGGGCCTT
R,4,GACATATT
R,5,TGACGATT
R,6,GGCCGTGT
R,7,CGTTTGCT
R,8,CCAGCGCT
R,9,AGCGAGCT
R,10,TCAATGAT
R,11,CGATCGAA
R,12,CCACTTAG
R,13,GGAATGGA
R,14,GATCACAC
R,15,GCTAGACC
R,16,AGCGGCGA
R,17,AGGCTGTC
R,18,CGGGAAGA
R,19,TGCAACAA
R,20,CATCTGTG
