Species,Type,Seq
human,gamma,GCCAGGGGGAAGACCGATGGGCCCTTGGTGGA
human,alpha,GAGGCTCAGCGGGAAGACCTTGGGGCTGGTCGG
human,mu,AGGAGACGAGGGGGAAAAGGGTTGGGGCGGATG
human,epsilon,GCGGGTCAAGGGGAAGACGGATGGGCTCTGTGT
human,delta,CTGATATGATGGGGAACACATCCGGAGCCTTGG
human,kappa,GCGGGAAGATGAAGACAGATGGTGCAGCCACAG
human,lambda,GGCCTTGTTGGCTTGAAGCTCCTCAGAGGAGGG
rhesus,gamma,GCCAGGGGGAAGACCGATGGGCCCTTGGTGGA
rhesus,alpha,GAGGCTCAGCGGGAAGACCTTGGGGCTGGTCGG
rhesus,mu,GAGACGAGGGGGAAAAGGGTTGGGGCGGATGCA
rhesus,epsilon,CGGGTCAAGGGGAAGACGGATGGGCTCTGTGTG
rhesus,delta,CTGATATGATGGGGAACACATCCGGAGCCTTGG
rhesus,kappa,GCGGGAAGATGAAGACAGATGGTGCAGCCACAG
rhesus,lambda,GGCCTTGTTGGCTTGAAGCTCCTCAGAGGAGGG
